{"DataContractVersion":"1.0","DocumentTypes":[{"DocumentTypeId":"Financial.Reports.W-4","Group":"Financial","Category":"Reports","Name":"W-4","OptionalUniqueIdentifier":null,"TypeField":{"FieldId":"Financial.Reports.W-4.DocumentType","FieldName":"Document Type"},"Fields":[{"FieldId":"Financial.Reports.W-4.first-name","FieldName":"first-name","IsMultiValue":false,"Type":"Text","DeriveFieldsFormat":"","Components":[],"SetValues":[]},{"FieldId":"Financial.Reports.W-4.last-name","FieldName":"last-name","IsMultiValue":false,"Type":"Text","DeriveFieldsFormat":"","Components":[],"SetValues":[]},{"FieldId":"Financial.Reports.W-4.social-security-number","FieldName":"social-security-number","IsMultiValue":false,"Type":"Number","DeriveFieldsFormat":"","Components":[],"SetValues":[]}]}],"Groups":[{"Name":"Financial","Categories":["Reports"]}],"SupportedLanguages":[{"Name":"Undetermined Language","Code":"und"},{"Name":"Bulgarian","Code":"bul"},{"Name":"Cantonese","Code":"yue"},{"Name":"Danish","Code":"dan"},{"Name":"Dutch","Code":"nld"},{"Name":"English","Code":"eng"},{"Name":"French","Code":"fra"},{"Name":"Georgian","Code":"kat"},{"Name":"German","Code":"deu"},{"Name":"Greek","Code":"ell"},{"Name":"Hebrew","Code":"heb"},{"Name":"Hindi","Code":"hin"},{"Name":"Italian","Code":"ita"},{"Name":"Japanese","Code":"jpn"},{"Name":"Korean","Code":"kor"},{"Name":"Macedonian","Code":"mkd"},{"Name":"Mandarin","Code":"zho"},{"Name":"Marathi","Code":"mar"},{"Name":"Norwegian","Code":"nor"},{"Name":"Polish","Code":"pol"},{"Name":"Portuguese","Code":"por"},{"Name":"Romanian","Code":"ron"},{"Name":"Russian","Code":"rus"},{"Name":"Serbian","Code":"srp"},{"Name":"Spanish","Code":"spa"},{"Name":"Swedish","Code":"swe"},{"Name":"Telugu","Code":"tel"}]}